name	file	line	module	kind	refs	cross_refs	self_refs	hit_files
dc:rnd	DiffCheck/DiffCheck.lsp	32	DiffCheck	library	17	0	17	1
dc:pr	DiffCheck/DiffCheck.lsp	33	DiffCheck	library	13	0	13	1
dc:padd	DiffCheck/DiffCheck.lsp	34	DiffCheck	library	2	0	2	1
dc:psub	DiffCheck/DiffCheck.lsp	35	DiffCheck	library	13	0	13	1
dc:f	DiffCheck/DiffCheck.lsp	36	DiffCheck	library	14	0	14	1
dc:pf	DiffCheck/DiffCheck.lsp	37	DiffCheck	library	13	0	13	1
dc:take	DiffCheck/DiffCheck.lsp	39	DiffCheck	library	2	0	2	1
dc:get-bbox	DiffCheck/DiffCheck.lsp	45	DiffCheck	library	5	0	5	1
dc:sig-line	DiffCheck/DiffCheck.lsp	55	DiffCheck	library	1	0	1	1
dc:sig-circle	DiffCheck/DiffCheck.lsp	61	DiffCheck	library	1	0	1	1
dc:sig-arc	DiffCheck/DiffCheck.lsp	64	DiffCheck	library	1	0	1	1
dc:sig-lwpoly	DiffCheck/DiffCheck.lsp	67	DiffCheck	library	1	0	1	1
dc:sig-text	DiffCheck/DiffCheck.lsp	79	DiffCheck	library	2	0	2	1
dc:sig-insert	DiffCheck/DiffCheck.lsp	82	DiffCheck	library	1	0	1	1
dc:sig-dim	DiffCheck/DiffCheck.lsp	102	DiffCheck	library	1	0	1	1
dc:sig-hatch	DiffCheck/DiffCheck.lsp	105	DiffCheck	library	1	0	1	1
dc:sig-solid	DiffCheck/DiffCheck.lsp	116	DiffCheck	library	1	0	1	1
dc:mksig	DiffCheck/DiffCheck.lsp	119	DiffCheck	library	2	0	2	1
dc:box-expand	DiffCheck/DiffCheck.lsp	134	DiffCheck	library	1	0	1	1
dc:box-intersect-p	DiffCheck/DiffCheck.lsp	137	DiffCheck	library	1	0	1	1
dc:merge-boxes	DiffCheck/DiffCheck.lsp	140	DiffCheck	library	1	0	1	1
dc:get-fast-pt	DiffCheck/DiffCheck.lsp	156	DiffCheck	library	2	0	2	1
dc:offset	DiffCheck/DiffCheck.lsp	160	DiffCheck	library	1	0	1	1
dc:collect-diff-box	DiffCheck/DiffCheck.lsp	201	DiffCheck	library	4	0	4	1
dc:diff	DiffCheck/DiffCheck.lsp	214	DiffCheck	library	1	0	1	1
dc:sel	DiffCheck/DiffCheck.lsp	316	DiffCheck	library	2	0	2	1
c:DiffCheck	DiffCheck/DiffCheck.lsp	325	DiffCheck	command	1	0	1	1
c:DFC	DiffCheck/DiffCheck.lsp	360	DiffCheck	command	0	0	0	0
c:DFCC	DiffCheck/DiffCheck.lsp	362	DiffCheck	command	0	0	0	0
c:DFCT	DiffCheck/DiffCheck.lsp	369	DiffCheck	command	0	0	0	0
sb:end-command	SyncBlock/SyncBlock.lsp	20	SyncBlock	library	5	0	5	1
sb:get-active-context	SyncBlock/SyncBlock.lsp	28	SyncBlock	library	1	0	1	1
sb:get-effective-name	SyncBlock/SyncBlock.lsp	45	SyncBlock	library	2	0	2	1
sb:get-block-def	SyncBlock/SyncBlock.lsp	55	SyncBlock	library	2	0	2	1
sb:object-list->safearray	SyncBlock/SyncBlock.lsp	64	SyncBlock	library	1	0	1	1
sb:safearray->object-list	SyncBlock/SyncBlock.lsp	75	SyncBlock	library	1	0	1	1
sb:get-obj-center	SyncBlock/SyncBlock.lsp	86	SyncBlock	library	2	0	2	1
sb:is-geometry-object-p	SyncBlock/SyncBlock.lsp	96	SyncBlock	library	2	0	2	1
sb:collect-def-stats	SyncBlock/SyncBlock.lsp	103	SyncBlock	library	1	0	1	1
sb:collect-master-geometry	SyncBlock/SyncBlock.lsp	141	SyncBlock	library	1	0	1	1
sb:vote-offset	SyncBlock/SyncBlock.lsp	177	SyncBlock	library	1	0	1	1
sb:apply-sync	SyncBlock/SyncBlock.lsp	206	SyncBlock	library	1	0	1	1
c:SyncNow	SyncBlock/SyncBlock.lsp	250	SyncBlock	command	1	0	1	1
c:SFM	SyncBlock/SyncBlock.lsp	338	SyncBlock	command	0	0	0	0
build:merge	TB-Toolbox/build.lsp	90	TB-Toolbox	library	2	0	2	1
build:repeat-str	TB-Toolbox/build.lsp	130	TB-Toolbox	library	2	0	2	1
build:compile-to-fas	TB-Toolbox/build.lsp	141	TB-Toolbox	library	1	0	1	1
build:print-vlx-guide	TB-Toolbox/build.lsp	165	TB-Toolbox	library	1	0	1	1
c:BUILD-TB	TB-Toolbox/build.lsp	209	TB-Toolbox	command	0	0	0	0
tb:resolve-root	TB-Toolbox/load.lsp	3	TB-Toolbox	library	1	0	1	1
sys:detect-platform	TB-Toolbox/tb-core.lsp	11	TB-Toolbox	library	3	2	1	2
sys:get	TB-Toolbox/tb-core.lsp	65	TB-Toolbox	library	162	137	25	14
sys:set	TB-Toolbox/tb-core.lsp	75	TB-Toolbox	library	70	45	25	5
sys:save-config	TB-Toolbox/tb-core.lsp	95	TB-Toolbox	library	3	2	1	2
sys:load-config	TB-Toolbox/tb-core.lsp	105	TB-Toolbox	library	3	2	1	2
sys:init-defaults	TB-Toolbox/tb-core.lsp	119	TB-Toolbox	library	4	3	1	3
sys:alist-put	TB-Toolbox/tb-core.lsp	159	TB-Toolbox	library	9	5	4	2
sys:clear-temp	TB-Toolbox/tb-core.lsp	165	TB-Toolbox	library	1	0	1	1
err:handler	TB-Toolbox/tb-core.lsp	183	TB-Toolbox	library	0	0	0	0
err:save-sysvars	TB-Toolbox/tb-core.lsp	197	TB-Toolbox	library	0	0	0	0
err:restore-sysvars	TB-Toolbox/tb-core.lsp	204	TB-Toolbox	library	2	0	2	1
safe:get-real	TB-Toolbox/tb-core.lsp	218	TB-Toolbox	library	23	23	0	6
safe:get-int	TB-Toolbox/tb-core.lsp	225	TB-Toolbox	library	11	11	0	4
safe:get-dist	TB-Toolbox/tb-core.lsp	230	TB-Toolbox	library	1	1	0	1
sys:undo-begin	TB-Toolbox/tb-core.lsp	243	TB-Toolbox	library	0	0	0	0
sys:undo-end	TB-Toolbox/tb-core.lsp	252	TB-Toolbox	library	1	0	1	1
sys:ifnil	TB-Toolbox/tb-core.lsp	268	TB-Toolbox	library	4	3	1	3
sys:layer-exists?	TB-Toolbox/tb-core.lsp	276	TB-Toolbox	library	0	0	0	0
sys:style-exists?	TB-Toolbox/tb-core.lsp	280	TB-Toolbox	library	0	0	0	0
sys:block-exists?	TB-Toolbox/tb-core.lsp	284	TB-Toolbox	library	0	0	0	0
blk:exists?	TB-Toolbox/tb-lib-blk.lsp	9	TB-Toolbox	library	3	0	3	1
blk:list	TB-Toolbox/tb-lib-blk.lsp	13	TB-Toolbox	library	0	0	0	0
blk:count	TB-Toolbox/tb-lib-blk.lsp	22	TB-Toolbox	library	1	1	0	1
blk:get-attribs	TB-Toolbox/tb-lib-blk.lsp	26	TB-Toolbox	library	0	0	0	0
blk:set-attrib	TB-Toolbox/tb-lib-blk.lsp	30	TB-Toolbox	library	0	0	0	0
blk:make	TB-Toolbox/tb-lib-blk.lsp	39	TB-Toolbox	library	0	0	0	0
blk:insert	TB-Toolbox/tb-lib-blk.lsp	45	TB-Toolbox	library	0	0	0	0
blk:quick-make	TB-Toolbox/tb-lib-blk.lsp	50	TB-Toolbox	library	1	1	0	1
blk:ref-geom	TB-Toolbox/tb-lib-blk.lsp	64	TB-Toolbox	library	0	0	0	0
blk:block->insert	TB-Toolbox/tb-lib-blk.lsp	82	TB-Toolbox	library	0	0	0	0
blk:insert->block	TB-Toolbox/tb-lib-blk.lsp	90	TB-Toolbox	library	0	0	0	0
blk:rename	TB-Toolbox/tb-lib-blk.lsp	104	TB-Toolbox	library	1	1	0	1
curve:length	TB-Toolbox/tb-lib-curve.lsp	9	TB-Toolbox	library	2	1	1	2
curve:area	TB-Toolbox/tb-lib-curve.lsp	13	TB-Toolbox	library	1	1	0	1
curve:startpt	TB-Toolbox/tb-lib-curve.lsp	19	TB-Toolbox	library	4	3	1	2
curve:endpt	TB-Toolbox/tb-lib-curve.lsp	23	TB-Toolbox	library	4	3	1	2
curve:midpt	TB-Toolbox/tb-lib-curve.lsp	27	TB-Toolbox	library	1	1	0	1
curve:param-at-pt	TB-Toolbox/tb-lib-curve.lsp	37	TB-Toolbox	library	0	0	0	0
curve:pt-at-param	TB-Toolbox/tb-lib-curve.lsp	41	TB-Toolbox	library	0	0	0	0
curve:pt-at-dist	TB-Toolbox/tb-lib-curve.lsp	45	TB-Toolbox	library	0	0	0	0
curve:closest-pt	TB-Toolbox/tb-lib-curve.lsp	54	TB-Toolbox	library	2	1	1	2
curve:tangent	TB-Toolbox/tb-lib-curve.lsp	58	TB-Toolbox	library	0	0	0	0
curve:closed?	TB-Toolbox/tb-lib-curve.lsp	70	TB-Toolbox	library	3	3	0	2
curve:clockwise?	TB-Toolbox/tb-lib-curve.lsp	74	TB-Toolbox	library	0	0	0	0
curve:vertices	TB-Toolbox/tb-lib-curve.lsp	89	TB-Toolbox	library	6	6	0	5
curve:inters-lines	TB-Toolbox/tb-lib-curve.lsp	122	TB-Toolbox	library	0	0	0	0
dim:get-text	TB-Toolbox/tb-lib-dim.lsp	9	TB-Toolbox	library	0	0	0	0
dim:set-text	TB-Toolbox/tb-lib-dim.lsp	14	TB-Toolbox	library	2	2	0	1
dim:get-measurement	TB-Toolbox/tb-lib-dim.lsp	18	TB-Toolbox	library	1	1	0	1
dim:get-height	TB-Toolbox/tb-lib-dim.lsp	22	TB-Toolbox	library	0	0	0	0
dim:set-height	TB-Toolbox/tb-lib-dim.lsp	26	TB-Toolbox	library	1	1	0	1
dim:get-style	TB-Toolbox/tb-lib-dim.lsp	30	TB-Toolbox	library	0	0	0	0
dim:set-style	TB-Toolbox/tb-lib-dim.lsp	34	TB-Toolbox	library	0	0	0	0
dim:is-overridden?	TB-Toolbox/tb-lib-dim.lsp	43	TB-Toolbox	library	0	0	0	0
dim:reset-text	TB-Toolbox/tb-lib-dim.lsp	47	TB-Toolbox	library	1	1	0	1
dim:home	TB-Toolbox/tb-lib-dim.lsp	56	TB-Toolbox	library	1	0	1	1
dim:home-selection	TB-Toolbox/tb-lib-dim.lsp	60	TB-Toolbox	library	1	1	0	1
dim:make-rotated	TB-Toolbox/tb-lib-dim.lsp	69	TB-Toolbox	library	0	0	0	0
entity:get-dxf	TB-Toolbox/tb-lib-entity.lsp	4	TB-Toolbox	library	47	41	6	11
entity:set-dxf	TB-Toolbox/tb-lib-entity.lsp	8	TB-Toolbox	library	30	29	1	9
entity:get-type	TB-Toolbox/tb-lib-entity.lsp	12	TB-Toolbox	library	21	18	3	10
entity:get-layer	TB-Toolbox/tb-lib-entity.lsp	16	TB-Toolbox	library	15	15	0	6
entity:get-color	TB-Toolbox/tb-lib-entity.lsp	20	TB-Toolbox	library	0	0	0	0
entity:handle	TB-Toolbox/tb-lib-entity.lsp	24	TB-Toolbox	library	2	2	0	1
entity:get-name	TB-Toolbox/tb-lib-entity.lsp	28	TB-Toolbox	library	1	1	0	1
entity:make-line	TB-Toolbox/tb-lib-entity.lsp	32	TB-Toolbox	library	10	10	0	5
entity:make-pline	TB-Toolbox/tb-lib-entity.lsp	42	TB-Toolbox	library	14	14	0	6
entity:make-circle	TB-Toolbox/tb-lib-entity.lsp	54	TB-Toolbox	library	3	3	0	3
entity:make-arc	TB-Toolbox/tb-lib-entity.lsp	64	TB-Toolbox	library	1	1	0	1
entity:make-point	TB-Toolbox/tb-lib-entity.lsp	76	TB-Toolbox	library	0	0	0	0
entity:make-text	TB-Toolbox/tb-lib-entity.lsp	85	TB-Toolbox	library	10	10	0	7
entity:make-mtext	TB-Toolbox/tb-lib-entity.lsp	100	TB-Toolbox	library	0	0	0	0
entity:make-layer	TB-Toolbox/tb-lib-entity.lsp	113	TB-Toolbox	library	0	0	0	0
entity:make-style	TB-Toolbox/tb-lib-entity.lsp	120	TB-Toolbox	library	4	4	0	2
entity:make-block	TB-Toolbox/tb-lib-entity.lsp	134	TB-Toolbox	library	1	1	0	1
entity:make-insert	TB-Toolbox/tb-lib-entity.lsp	145	TB-Toolbox	library	2	2	0	2
entity:get-bbox	TB-Toolbox/tb-lib-entity.lsp	158	TB-Toolbox	library	5	5	0	4
entity:bbox-activex	TB-Toolbox/tb-lib-entity.lsp	172	TB-Toolbox	library	0	0	0	0
entity:bbox-pure	TB-Toolbox/tb-lib-entity.lsp	179	TB-Toolbox	library	1	0	1	1
entity:get-attribs	TB-Toolbox/tb-lib-entity.lsp	196	TB-Toolbox	library	1	1	0	1
entity:set-attrib	TB-Toolbox/tb-lib-entity.lsp	200	TB-Toolbox	library	2	2	0	2
entity:update	TB-Toolbox/tb-lib-entity.lsp	208	TB-Toolbox	library	5	5	0	3
lay:get-entry	TB-Toolbox/tb-lib-lay.lsp	10	TB-Toolbox	library	7	0	7	1
lay:set-dxf	TB-Toolbox/tb-lib-lay.lsp	15	TB-Toolbox	library	7	0	7	1
lay:make	TB-Toolbox/tb-lib-lay.lsp	26	TB-Toolbox	library	12	12	0	6
lay:exists?	TB-Toolbox/tb-lib-lay.lsp	40	TB-Toolbox	library	0	0	0	0
lay:current	TB-Toolbox/tb-lib-lay.lsp	44	TB-Toolbox	library	1	1	0	1
lay:get-current	TB-Toolbox/tb-lib-lay.lsp	48	TB-Toolbox	library	0	0	0	0
lay:off	TB-Toolbox/tb-lib-lay.lsp	57	TB-Toolbox	library	2	1	1	2
lay:on	TB-Toolbox/tb-lib-lay.lsp	61	TB-Toolbox	library	1	1	0	1
lay:off-all-except	TB-Toolbox/tb-lib-lay.lsp	65	TB-Toolbox	library	1	1	0	1
lay:freeze	TB-Toolbox/tb-lib-lay.lsp	78	TB-Toolbox	library	2	2	0	1
lay:thaw	TB-Toolbox/tb-lib-lay.lsp	83	TB-Toolbox	library	2	1	1	2
lay:thaw-all	TB-Toolbox/tb-lib-lay.lsp	87	TB-Toolbox	library	2	2	0	1
lay:lock	TB-Toolbox/tb-lib-lay.lsp	96	TB-Toolbox	library	2	2	0	1
lay:unlock	TB-Toolbox/tb-lib-lay.lsp	100	TB-Toolbox	library	2	1	1	2
lay:unlock-all	TB-Toolbox/tb-lib-lay.lsp	104	TB-Toolbox	library	2	2	0	1
lay:foreach	TB-Toolbox/tb-lib-lay.lsp	113	TB-Toolbox	library	7	3	4	2
lay:list	TB-Toolbox/tb-lib-lay.lsp	119	TB-Toolbox	library	0	0	0	0
lay:get-from-entity	TB-Toolbox/tb-lib-lay.lsp	130	TB-Toolbox	library	0	0	0	0
lay:set-to-entity	TB-Toolbox/tb-lib-lay.lsp	134	TB-Toolbox	library	1	0	1	1
lay:move-selection	TB-Toolbox/tb-lib-lay.lsp	138	TB-Toolbox	library	1	1	0	1
point:create	TB-Toolbox/tb-lib-point.lsp	9	TB-Toolbox	library	0	0	0	0
point:2d	TB-Toolbox/tb-lib-point.lsp	13	TB-Toolbox	library	0	0	0	0
point:3d	TB-Toolbox/tb-lib-point.lsp	17	TB-Toolbox	library	0	0	0	0
point:mid	TB-Toolbox/tb-lib-point.lsp	26	TB-Toolbox	library	13	13	0	6
point:polar	TB-Toolbox/tb-lib-point.lsp	30	TB-Toolbox	library	42	42	0	8
point:dist	TB-Toolbox/tb-lib-point.lsp	35	TB-Toolbox	library	10	5	5	5
point:angle	TB-Toolbox/tb-lib-point.lsp	39	TB-Toolbox	library	17	17	0	8
point:offset	TB-Toolbox/tb-lib-point.lsp	43	TB-Toolbox	library	2	2	0	1
point:between?	TB-Toolbox/tb-lib-point.lsp	52	TB-Toolbox	library	0	0	0	0
point:in-polygon?	TB-Toolbox/tb-lib-point.lsp	60	TB-Toolbox	library	0	0	0	0
point:bbox	TB-Toolbox/tb-lib-point.lsp	76	TB-Toolbox	library	1	1	0	1
point:center	TB-Toolbox/tb-lib-point.lsp	87	TB-Toolbox	library	1	1	0	1
point:sort	TB-Toolbox/tb-lib-point.lsp	94	TB-Toolbox	library	1	0	1	1
point:nearest	TB-Toolbox/tb-lib-point.lsp	106	TB-Toolbox	library	0	0	0	0
point:rect-2pt->4pt	TB-Toolbox/tb-lib-point.lsp	116	TB-Toolbox	library	4	2	2	3
point:rect-pts	TB-Toolbox/tb-lib-point.lsp	127	TB-Toolbox	library	1	1	0	1
rebar:code-to-grade	TB-Toolbox/tb-lib-rebar-edit.lsp	20	TB-Toolbox	library	0	0	0	0
rebar:find-code-in-str	TB-Toolbox/tb-lib-rebar-edit.lsp	24	TB-Toolbox	library	2	1	1	2
rebar:parse-annotation	TB-Toolbox/tb-lib-rebar-edit.lsp	36	TB-Toolbox	library	4	4	0	1
rebar:calc-area	TB-Toolbox/tb-lib-rebar-edit.lsp	142	TB-Toolbox	library	5	0	5	1
rebar:calc-total-area	TB-Toolbox/tb-lib-rebar-edit.lsp	146	TB-Toolbox	library	1	0	1	1
rebar:calc-area-per-meter	TB-Toolbox/tb-lib-rebar-edit.lsp	150	TB-Toolbox	library	1	0	1	1
rebar:find-min-diameter	TB-Toolbox/tb-lib-rebar-edit.lsp	154	TB-Toolbox	library	0	0	0	0
rebar:format-annotation	TB-Toolbox/tb-lib-rebar-edit.lsp	168	TB-Toolbox	library	2	2	0	1
rebar:suggest-alternatives	TB-Toolbox/tb-lib-rebar-edit.lsp	199	TB-Toolbox	library	1	1	0	1
str:split	TB-Toolbox/tb-lib-rebar-edit.lsp	236	TB-Toolbox	library	1	0	1	1
rebar:hook-angle	TB-Toolbox/tb-lib-rebar.lsp	14	TB-Toolbox	library	2	0	2	1
rebar:hook-bulge	TB-Toolbox/tb-lib-rebar.lsp	21	TB-Toolbox	library	1	0	1	1
rebar:bend-radius	TB-Toolbox/tb-lib-rebar.lsp	28	TB-Toolbox	library	2	0	2	1
rebar:hook-tail	TB-Toolbox/tb-lib-rebar.lsp	32	TB-Toolbox	library	1	0	1	1
rebar:make-hook-geom	TB-Toolbox/tb-lib-rebar.lsp	53	TB-Toolbox	library	7	0	7	1
rebar:make-bar	TB-Toolbox/tb-lib-rebar.lsp	88	TB-Toolbox	library	4	4	0	1
rebar:make-pline-with-bulges	TB-Toolbox/tb-lib-rebar.lsp	159	TB-Toolbox	library	5	0	5	1
rebar:is-rebar?	TB-Toolbox/tb-lib-rebar.lsp	179	TB-Toolbox	library	5	5	0	2
rebar:get-width	TB-Toolbox/tb-lib-rebar.lsp	184	TB-Toolbox	library	3	1	2	2
rebar:set-width	TB-Toolbox/tb-lib-rebar.lsp	188	TB-Toolbox	library	1	1	0	1
rebar:get-vertices	TB-Toolbox/tb-lib-rebar.lsp	193	TB-Toolbox	library	4	0	4	1
rebar:get-bulges	TB-Toolbox/tb-lib-rebar.lsp	197	TB-Toolbox	library	4	0	4	1
rebar:detect-hook-end	TB-Toolbox/tb-lib-rebar.lsp	210	TB-Toolbox	library	4	3	1	3
rebar:get-hook-sign	TB-Toolbox/tb-lib-rebar.lsp	229	TB-Toolbox	library	2	2	0	1
rebar:bulge-to-hook-type	TB-Toolbox/tb-lib-rebar.lsp	241	TB-Toolbox	library	2	0	2	1
rebar:add-hook	TB-Toolbox/tb-lib-rebar.lsp	254	TB-Toolbox	library	3	3	0	2
rebar:remove-hook	TB-Toolbox/tb-lib-rebar.lsp	321	TB-Toolbox	library	7	6	1	3
rebar:make-stirrup	TB-Toolbox/tb-lib-rebar.lsp	355	TB-Toolbox	library	1	1	0	1
rebar:make-poly-stirrup	TB-Toolbox/tb-lib-rebar.lsp	410	TB-Toolbox	library	1	1	0	1
sel:by-layer	TB-Toolbox/tb-lib-sel.lsp	5	TB-Toolbox	library	0	0	0	0
sel:by-type	TB-Toolbox/tb-lib-sel.lsp	9	TB-Toolbox	library	0	0	0	0
sel:filter	TB-Toolbox/tb-lib-sel.lsp	13	TB-Toolbox	library	0	0	0	0
sel:pick	TB-Toolbox/tb-lib-sel.lsp	17	TB-Toolbox	library	0	0	0	0
sel:to-list	TB-Toolbox/tb-lib-sel.lsp	22	TB-Toolbox	library	7	6	1	5
sel:for-each	TB-Toolbox/tb-lib-sel.lsp	26	TB-Toolbox	library	38	38	0	12
sel:count	TB-Toolbox/tb-lib-sel.lsp	31	TB-Toolbox	library	7	7	0	6
sel:add	TB-Toolbox/tb-lib-sel.lsp	35	TB-Toolbox	library	0	0	0	0
sel:delete	TB-Toolbox/tb-lib-sel.lsp	39	TB-Toolbox	library	0	0	0	0
txt:style-exists?	TB-Toolbox/tb-lib-txt.lsp	9	TB-Toolbox	library	0	0	0	0
txt:make-style	TB-Toolbox/tb-lib-txt.lsp	13	TB-Toolbox	library	2	2	0	2
txt:get-current-style	TB-Toolbox/tb-lib-txt.lsp	17	TB-Toolbox	library	0	0	0	0
txt:setup-tssd-style	TB-Toolbox/tb-lib-txt.lsp	26	TB-Toolbox	library	1	1	0	1
txt:get-content	TB-Toolbox/tb-lib-txt.lsp	38	TB-Toolbox	library	10	9	1	3
txt:set-content	TB-Toolbox/tb-lib-txt.lsp	42	TB-Toolbox	library	5	4	1	3
txt:get-height	TB-Toolbox/tb-lib-txt.lsp	46	TB-Toolbox	library	0	0	0	0
txt:set-height	TB-Toolbox/tb-lib-txt.lsp	50	TB-Toolbox	library	1	1	0	1
txt:get-width	TB-Toolbox/tb-lib-txt.lsp	54	TB-Toolbox	library	0	0	0	0
txt:set-width	TB-Toolbox/tb-lib-txt.lsp	58	TB-Toolbox	library	2	2	0	1
txt:get-rotation	TB-Toolbox/tb-lib-txt.lsp	62	TB-Toolbox	library	1	1	0	1
txt:set-rotation	TB-Toolbox/tb-lib-txt.lsp	66	TB-Toolbox	library	1	1	0	1
txt:get-style	TB-Toolbox/tb-lib-txt.lsp	70	TB-Toolbox	library	0	0	0	0
txt:set-style	TB-Toolbox/tb-lib-txt.lsp	74	TB-Toolbox	library	1	1	0	1
txt:get-inspt	TB-Toolbox/tb-lib-txt.lsp	78	TB-Toolbox	library	12	12	0	3
txt:set-inspt	TB-Toolbox/tb-lib-txt.lsp	82	TB-Toolbox	library	1	1	0	1
txt:set-left-align	TB-Toolbox/tb-lib-txt.lsp	91	TB-Toolbox	library	1	1	0	1
txt:set-center-align	TB-Toolbox/tb-lib-txt.lsp	96	TB-Toolbox	library	0	0	0	0
txt:set-middle-align	TB-Toolbox/tb-lib-txt.lsp	101	TB-Toolbox	library	0	0	0	0
txt:rebar-replace	TB-Toolbox/tb-lib-txt.lsp	112	TB-Toolbox	library	5	4	1	2
txt:rebar-normalize	TB-Toolbox/tb-lib-txt.lsp	121	TB-Toolbox	library	0	0	0	0
bp:make-drawing	TB-Toolbox/tb-mod-batchprint.lsp	65	TB-Toolbox	library	3	0	3	1
bp:drawing-prop	TB-Toolbox/tb-mod-batchprint.lsp	79	TB-Toolbox	library	22	0	22	1
bp:match-paper	TB-Toolbox/tb-mod-batchprint.lsp	88	TB-Toolbox	library	2	0	2	1
bp:detect-scale	TB-Toolbox/tb-mod-batchprint.lsp	113	TB-Toolbox	library	2	0	2	1
bp:detect-blocks	TB-Toolbox/tb-mod-batchprint.lsp	130	TB-Toolbox	library	1	0	1	1
bp:get-block-attrs	TB-Toolbox/tb-mod-batchprint.lsp	167	TB-Toolbox	library	1	0	1	1
bp:attr-val	TB-Toolbox/tb-mod-batchprint.lsp	180	TB-Toolbox	library	4	0	4	1
bp:detect-plines	TB-Toolbox/tb-mod-batchprint.lsp	193	TB-Toolbox	library	1	0	1	1
bp:detect-layouts	TB-Toolbox/tb-mod-batchprint.lsp	218	TB-Toolbox	library	1	0	1	1
bp:detect-frames	TB-Toolbox/tb-mod-batchprint.lsp	237	TB-Toolbox	library	1	0	1	1
bp:sort-by-x	TB-Toolbox/tb-mod-batchprint.lsp	255	TB-Toolbox	library	1	0	1	1
bp:sort-by-y	TB-Toolbox/tb-mod-batchprint.lsp	261	TB-Toolbox	library	1	0	1	1
bp:sort-drawings	TB-Toolbox/tb-mod-batchprint.lsp	267	TB-Toolbox	library	2	0	2	1
bp:check-duplicates	TB-Toolbox/tb-mod-batchprint.lsp	279	TB-Toolbox	library	2	0	2	1
bp:make-filename	TB-Toolbox/tb-mod-batchprint.lsp	296	TB-Toolbox	library	1	0	1	1
bp:plot-one	TB-Toolbox/tb-mod-batchprint.lsp	316	TB-Toolbox	library	1	0	1	1
bp:save-config	TB-Toolbox/tb-mod-batchprint.lsp	391	TB-Toolbox	library	1	0	1	1
bp:load-config	TB-Toolbox/tb-mod-batchprint.lsp	401	TB-Toolbox	library	1	0	1	1
bp:init-dialog	TB-Toolbox/tb-mod-batchprint.lsp	419	TB-Toolbox	library	1	0	1	1
bp:get-settings	TB-Toolbox/tb-mod-batchprint.lsp	478	TB-Toolbox	library	4	0	4	1
bp:update-list	TB-Toolbox/tb-mod-batchprint.lsp	504	TB-Toolbox	library	5	0	5	1
c:BPT	TB-Toolbox/tb-mod-batchprint.lsp	526	TB-Toolbox	command	2	0	2	1
bp:execute-print	TB-Toolbox/tb-mod-batchprint.lsp	663	TB-Toolbox	library	1	0	1	1
c:BPSET	TB-Toolbox/tb-mod-batchprint.lsp	716	TB-Toolbox	command	1	0	1	1
c:tml	TB-Toolbox/tb-mod-beam.lsp	9	TB-Toolbox	command	1	0	1	1
c:pq	TB-Toolbox/tb-mod-beam.lsp	35	TB-Toolbox	command	1	0	1	1
c:pmh	TB-Toolbox/tb-mod-beam.lsp	75	TB-Toolbox	command	1	0	1	1
c:jk	TB-Toolbox/tb-mod-block.lsp	9	TB-Toolbox	command	0	0	0	0
c:ktj	TB-Toolbox/tb-mod-block.lsp	22	TB-Toolbox	command	0	0	0	0
c:gkm	TB-Toolbox/tb-mod-block.lsp	38	TB-Toolbox	command	0	0	0	0
c:gks	TB-Toolbox/tb-mod-block.lsp	57	TB-Toolbox	command	0	0	0	0
c:sk	TB-Toolbox/tb-mod-block.lsp	74	TB-Toolbox	command	0	0	0	0
c:qb	TB-Toolbox/tb-mod-bubble.lsp	5	TB-Toolbox	command	0	0	0	0
c:lcd	TB-Toolbox/tb-mod-calc.lsp	9	TB-Toolbox	command	1	0	1	1
c:lmj	TB-Toolbox/tb-mod-calc.lsp	32	TB-Toolbox	command	1	0	1	1
c:qh	TB-Toolbox/tb-mod-calc.lsp	54	TB-Toolbox	command	1	0	1	1
c:Tn	TB-Toolbox/tb-mod-calc.lsp	76	TB-Toolbox	command	1	0	1	1
cl:make-line	TB-Toolbox/tb-mod-centerline.lsp	15	TB-Toolbox	library	3	0	3	1
c:ce	TB-Toolbox/tb-mod-centerline.lsp	28	TB-Toolbox	command	1	0	1	1
cl:entity-centerline	TB-Toolbox/tb-mod-centerline.lsp	77	TB-Toolbox	library	2	0	2	1
c:rt	TB-Toolbox/tb-mod-cloud.lsp	10	TB-Toolbox	command	2	0	2	1
c:jt	TB-Toolbox/tb-mod-cloud.lsp	77	TB-Toolbox	command	2	0	2	1
c:xd	TB-Toolbox/tb-mod-cloud.lsp	96	TB-Toolbox	command	2	0	2	1
c:dk	TB-Toolbox/tb-mod-column.lsp	9	TB-Toolbox	command	1	0	1	1
c:dkk	TB-Toolbox/tb-mod-column.lsp	33	TB-Toolbox	command	1	0	1	1
c:sg	TB-Toolbox/tb-mod-column.lsp	50	TB-Toolbox	command	1	0	1	1
c:fw	TB-Toolbox/tb-mod-dim.lsp	9	TB-Toolbox	command	0	0	0	0
c:bbq	TB-Toolbox/tb-mod-dim.lsp	21	TB-Toolbox	command	0	0	0	0
c:bbf	TB-Toolbox/tb-mod-dim.lsp	49	TB-Toolbox	command	0	0	0	0
c:bgc	TB-Toolbox/tb-mod-dim.lsp	68	TB-Toolbox	command	0	0	0	0
c:ggb	TB-Toolbox/tb-mod-dim.lsp	77	TB-Toolbox	command	0	0	0	0
c:gbb	TB-Toolbox/tb-mod-dim.lsp	86	TB-Toolbox	command	0	0	0	0
c:zb	TB-Toolbox/tb-mod-dim.lsp	100	TB-Toolbox	command	0	0	0	0
c:q	TB-Toolbox/tb-mod-edit.lsp	11	TB-Toolbox	command	0	0	0	0
c:qw	TB-Toolbox/tb-mod-edit.lsp	12	TB-Toolbox	command	0	0	0	0
c:ww	TB-Toolbox/tb-mod-edit.lsp	13	TB-Toolbox	command	0	0	0	0
c:ty	TB-Toolbox/tb-mod-edit.lsp	14	TB-Toolbox	command	0	0	0	0
c:qr	TB-Toolbox/tb-mod-edit.lsp	15	TB-Toolbox	command	0	0	0	0
c:pp	TB-Toolbox/tb-mod-edit.lsp	16	TB-Toolbox	command	0	0	0	0
c:te	TB-Toolbox/tb-mod-edit.lsp	23	TB-Toolbox	command	0	0	0	0
c:we	TB-Toolbox/tb-mod-edit.lsp	24	TB-Toolbox	command	0	0	0	0
c:a	TB-Toolbox/tb-mod-edit.lsp	25	TB-Toolbox	command	0	0	0	0
c:s	TB-Toolbox/tb-mod-edit.lsp	26	TB-Toolbox	command	0	0	0	0
c:sc	TB-Toolbox/tb-mod-edit.lsp	27	TB-Toolbox	command	0	0	0	0
c:r	TB-Toolbox/tb-mod-edit.lsp	28	TB-Toolbox	command	0	0	0	0
c:de	TB-Toolbox/tb-mod-edit.lsp	29	TB-Toolbox	command	0	0	0	0
c:cc	TB-Toolbox/tb-mod-edit.lsp	36	TB-Toolbox	command	0	0	0	0
c:cf	TB-Toolbox/tb-mod-edit.lsp	38	TB-Toolbox	command	0	0	0	0
c:cr	TB-Toolbox/tb-mod-edit.lsp	49	TB-Toolbox	command	0	0	0	0
c:cl	TB-Toolbox/tb-mod-edit.lsp	60	TB-Toolbox	command	0	0	0	0
c:ff	TB-Toolbox/tb-mod-edit.lsp	74	TB-Toolbox	command	0	0	0	0
c:fr	TB-Toolbox/tb-mod-edit.lsp	80	TB-Toolbox	command	0	0	0	0
c:s1	TB-Toolbox/tb-mod-edit.lsp	93	TB-Toolbox	command	0	0	0	0
c:s2	TB-Toolbox/tb-mod-edit.lsp	94	TB-Toolbox	command	0	0	0	0
c:s4	TB-Toolbox/tb-mod-edit.lsp	95	TB-Toolbox	command	0	0	0	0
c:s5	TB-Toolbox/tb-mod-edit.lsp	96	TB-Toolbox	command	0	0	0	0
c:s0	TB-Toolbox/tb-mod-edit.lsp	97	TB-Toolbox	command	0	0	0	0
c:s00	TB-Toolbox/tb-mod-edit.lsp	98	TB-Toolbox	command	0	0	0	0
c:r4	TB-Toolbox/tb-mod-edit.lsp	105	TB-Toolbox	command	0	0	0	0
c:r9	TB-Toolbox/tb-mod-edit.lsp	106	TB-Toolbox	command	0	0	0	0
c:r5	TB-Toolbox/tb-mod-edit.lsp	107	TB-Toolbox	command	0	0	0	0
c:r0	TB-Toolbox/tb-mod-edit.lsp	108	TB-Toolbox	command	0	0	0	0
c:oo	TB-Toolbox/tb-mod-edit.lsp	115	TB-Toolbox	command	0	0	0	0
c:cx	TB-Toolbox/tb-mod-edit.lsp	117	TB-Toolbox	command	0	0	0	0
c:z0	TB-Toolbox/tb-mod-edit.lsp	126	TB-Toolbox	command	0	0	0	0
c:ee	TB-Toolbox/tb-mod-edit.lsp	138	TB-Toolbox	command	0	0	0	0
c:As	TB-Toolbox/tb-mod-edit.lsp	140	TB-Toolbox	command	0	0	0	0
c:C1	TB-Toolbox/tb-mod-edit.lsp	147	TB-Toolbox	command	0	0	0	0
c:C2	TB-Toolbox/tb-mod-edit.lsp	148	TB-Toolbox	command	0	0	0	0
c:C3	TB-Toolbox/tb-mod-edit.lsp	149	TB-Toolbox	command	0	0	0	0
c:C4	TB-Toolbox/tb-mod-edit.lsp	150	TB-Toolbox	command	0	0	0	0
c:C5	TB-Toolbox/tb-mod-edit.lsp	151	TB-Toolbox	command	0	0	0	0
c:C6	TB-Toolbox/tb-mod-edit.lsp	152	TB-Toolbox	command	0	0	0	0
c:C7	TB-Toolbox/tb-mod-edit.lsp	153	TB-Toolbox	command	0	0	0	0
c:C8	TB-Toolbox/tb-mod-edit.lsp	154	TB-Toolbox	command	0	0	0	0
c:v1	TB-Toolbox/tb-mod-edit.lsp	161	TB-Toolbox	command	0	0	0	0
c:v2	TB-Toolbox/tb-mod-edit.lsp	162	TB-Toolbox	command	0	0	0	0
c:v3	TB-Toolbox/tb-mod-edit.lsp	163	TB-Toolbox	command	0	0	0	0
c:tg	TB-Toolbox/tb-mod-layer.lsp	11	TB-Toolbox	command	0	0	0	0
c:tgf	TB-Toolbox/tb-mod-layer.lsp	20	TB-Toolbox	command	0	0	0	0
c:td	TB-Toolbox/tb-mod-layer.lsp	34	TB-Toolbox	command	0	0	0	0
c:tdf	TB-Toolbox/tb-mod-layer.lsp	45	TB-Toolbox	command	0	0	0	0
c:ts	TB-Toolbox/tb-mod-layer.lsp	63	TB-Toolbox	command	0	0	0	0
c:tsf	TB-Toolbox/tb-mod-layer.lsp	71	TB-Toolbox	command	0	0	0	0
c:tdj	TB-Toolbox/tb-mod-layer.lsp	89	TB-Toolbox	command	0	0	0	0
c:tsj	TB-Toolbox/tb-mod-layer.lsp	95	TB-Toolbox	command	0	0	0	0
c:tx	TB-Toolbox/tb-mod-layer.lsp	101	TB-Toolbox	command	0	0	0	0
c:tq	TB-Toolbox/tb-mod-layer.lsp	116	TB-Toolbox	command	0	0	0	0
c:gtc	TB-Toolbox/tb-mod-layer.lsp	125	TB-Toolbox	command	0	0	0	0
c:dx	TB-Toolbox/tb-mod-misc.lsp	9	TB-Toolbox	command	2	0	2	1
c:dxx	TB-Toolbox/tb-mod-misc.lsp	26	TB-Toolbox	command	1	0	1	1
c:dd	TB-Toolbox/tb-mod-misc.lsp	46	TB-Toolbox	command	1	0	1	1
c:ddd	TB-Toolbox/tb-mod-misc.lsp	59	TB-Toolbox	command	1	0	1	1
c:hgf	TB-Toolbox/tb-mod-misc.lsp	77	TB-Toolbox	command	1	0	1	1
c:nn	TB-Toolbox/tb-mod-misc.lsp	95	TB-Toolbox	command	0	0	0	0
c:qq	TB-Toolbox/tb-mod-misc.lsp	101	TB-Toolbox	command	0	0	0	0
c:sy	TB-Toolbox/tb-mod-misc.lsp	114	TB-Toolbox	command	1	0	1	1
c:RE	TB-Toolbox/tb-mod-rebar-edit.lsp	9	TB-Toolbox	command	3	0	3	1
c:RA	TB-Toolbox/tb-mod-rebar-edit.lsp	117	TB-Toolbox	command	1	0	1	1
c:RN	TB-Toolbox/tb-mod-rebar-edit.lsp	172	TB-Toolbox	command	1	0	1	1
duplicates	TB-Toolbox/tb-mod-rebar-edit.lsp	269	TB-Toolbox	library	13	12	1	2
range	TB-Toolbox/tb-mod-rebar-edit.lsp	278	TB-Toolbox	library	1	0	1	1
c:RM	TB-Toolbox/tb-mod-rebar-edit.lsp	289	TB-Toolbox	command	1	0	1	1
c:RED	TB-Toolbox/tb-mod-rebar-edit.lsp	340	TB-Toolbox	command	2	0	2	1
c:REDB	TB-Toolbox/tb-mod-rebar-edit.lsp	359	TB-Toolbox	command	2	0	2	1
c:RB	TB-Toolbox/tb-mod-rebar.lsp	9	TB-Toolbox	command	1	0	1	1
c:RS	TB-Toolbox/tb-mod-rebar.lsp	59	TB-Toolbox	command	1	0	1	1
c:RH	TB-Toolbox/tb-mod-rebar.lsp	102	TB-Toolbox	command	1	0	1	1
c:RDH	TB-Toolbox/tb-mod-rebar.lsp	143	TB-Toolbox	command	1	0	1	1
c:RW	TB-Toolbox/tb-mod-rebar.lsp	169	TB-Toolbox	command	1	0	1	1
c:RO	TB-Toolbox/tb-mod-rebar.lsp	186	TB-Toolbox	command	1	0	1	1
c:RL	TB-Toolbox/tb-mod-rebar.lsp	204	TB-Toolbox	command	1	0	1	1
c:RD	TB-Toolbox/tb-mod-rebar.lsp	246	TB-Toolbox	command	1	0	1	1
c:RCC	TB-Toolbox/tb-mod-rebar.lsp	277	TB-Toolbox	command	1	0	1	1
c:RBR	TB-Toolbox/tb-mod-rebar.lsp	307	TB-Toolbox	command	1	0	1	1
c:RBF	TB-Toolbox/tb-mod-rebar.lsp	339	TB-Toolbox	command	1	0	1	1
c:ss	TB-Toolbox/tb-mod-select.lsp	46	TB-Toolbox	command	1	0	1	1
c:tssd	TB-Toolbox/tb-mod-text.lsp	9	TB-Toolbox	command	0	0	0	0
c:gts	TB-Toolbox/tb-mod-text.lsp	14	TB-Toolbox	command	0	0	0	0
c:ttk	TB-Toolbox/tb-mod-text.lsp	31	TB-Toolbox	command	0	0	0	0
c:ttg	TB-Toolbox/tb-mod-text.lsp	40	TB-Toolbox	command	0	0	0	0
c:ttr	TB-Toolbox/tb-mod-text.lsp	49	TB-Toolbox	command	0	0	0	0
c:tty	TB-Toolbox/tb-mod-text.lsp	58	TB-Toolbox	command	0	0	0	0
c:ttj	TB-Toolbox/tb-mod-text.lsp	69	TB-Toolbox	command	0	0	0	0
c:th	TB-Toolbox/tb-mod-text.lsp	86	TB-Toolbox	command	0	0	0	0
c:ttq	TB-Toolbox/tb-mod-text.lsp	108	TB-Toolbox	command	0	0	0	0
c:13	TB-Toolbox/tb-mod-text.lsp	125	TB-Toolbox	command	0	0	0	0
c:23	TB-Toolbox/tb-mod-text.lsp	130	TB-Toolbox	command	0	0	0	0
c:31	TB-Toolbox/tb-mod-text.lsp	135	TB-Toolbox	command	0	0	0	0
c:32	TB-Toolbox/tb-mod-text.lsp	140	TB-Toolbox	command	0	0	0	0
c:tjk	TB-Toolbox/tb-mod-text.lsp	150	TB-Toolbox	command	0	0	0	0
sys:detect-platform	TB-Toolbox/test-core.lsp	3	TB-Toolbox	library	3	2	1	2
sys:alist-put	TB-Toolbox/test-core.lsp	33	TB-Toolbox	library	9	5	4	2
sys:get	TB-Toolbox/test-core.lsp	39	TB-Toolbox	library	162	136	26	14
sys:set	TB-Toolbox/test-core.lsp	45	TB-Toolbox	library	70	44	26	5
sys:save-config	TB-Toolbox/test-core.lsp	59	TB-Toolbox	library	3	2	1	2
sys:load-config	TB-Toolbox/test-core.lsp	68	TB-Toolbox	library	3	2	1	2
sys:init-defaults	TB-Toolbox/test-core.lsp	78	TB-Toolbox	library	4	3	1	3
uc:atlisp-root	unified-lib/uc-atlisp-adapter.lsp	4	unified-lib	library	2	0	2	1
uc:atlisp-file	unified-lib/uc-atlisp-adapter.lsp	10	unified-lib	library	1	0	1	1
uc:load-atlisp-file	unified-lib/uc-atlisp-adapter.lsp	16	unified-lib	library	1	0	1	1
uc:ensure-atlisp-minimum	unified-lib/uc-atlisp-adapter.lsp	23	unified-lib	library	1	0	1	1
uc:midpoint	unified-lib/uc-atlisp-adapter.lsp	29	unified-lib	library	0	0	0	0
uc:path-join	unified-lib/uc-core.lsp	8	unified-lib	library	6	4	2	4
uc:project-root	unified-lib/uc-core.lsp	16	unified-lib	library	5	4	1	3
uc:core-file	unified-lib/uc-core.lsp	24	unified-lib	library	0	0	0	0
uc:file-loadable-p	unified-lib/uc-core.lsp	30	unified-lib	library	1	1	0	1
uc:command-safe	unified-lib/uc-core.lsp	34	unified-lib	library	2	0	2	1
uc:com-available-p	unified-lib/uc-core.lsp	42	unified-lib	library	6	2	4	2
uc:alist-put	unified-lib/uc-core.lsp	48	unified-lib	library	0	0	0	0
uc:snapshot-sysvars	unified-lib/uc-core.lsp	54	unified-lib	library	1	0	1	1
uc:restore-sysvars	unified-lib/uc-core.lsp	61	unified-lib	library	2	0	2	1
uc:undo-begin	unified-lib/uc-core.lsp	66	unified-lib	library	1	0	1	1
uc:undo-end	unified-lib/uc-core.lsp	75	unified-lib	library	2	0	2	1
uc:guard-begin	unified-lib/uc-core.lsp	86	unified-lib	library	6	6	0	2
uc:guard-end	unified-lib/uc-core.lsp	100	unified-lib	library	10	10	0	2
uc:guard-fail	unified-lib/uc-core.lsp	110	unified-lib	library	1	0	1	1
uc:function-defined-p	unified-lib/uc-core.lsp	127	unified-lib	library	14	12	2	4
uc:command-defined-p	unified-lib/uc-core.lsp	141	unified-lib	library	1	1	0	1
uc:call-command	unified-lib/uc-core.lsp	145	unified-lib	library	1	1	0	1
uc:pickset->list	unified-lib/uc-core.lsp	149	unified-lib	library	1	1	0	1
uc:entity-getdxf	unified-lib/uc-core.lsp	161	unified-lib	library	7	1	6	2
uc:entity-putdxf	unified-lib/uc-core.lsp	165	unified-lib	library	1	1	0	1
uc:entity-type	unified-lib/uc-core.lsp	173	unified-lib	library	3	1	2	2
uc:entity-layer	unified-lib/uc-core.lsp	177	unified-lib	library	1	1	0	1
uc:entity-color	unified-lib/uc-core.lsp	181	unified-lib	library	1	1	0	1
uc:entity-bbox	unified-lib/uc-core.lsp	185	unified-lib	library	3	3	0	2
uc:block-attributes	unified-lib/uc-core.lsp	197	unified-lib	library	1	1	0	1
uc:block-effective-name	unified-lib/uc-core.lsp	211	unified-lib	library	0	0	0	0
uc:layer-exists-p	unified-lib/uc-core.lsp	230	unified-lib	library	4	0	4	1
uc:ensure-layer	unified-lib/uc-core.lsp	234	unified-lib	library	2	1	1	2
uc:layer-set-dxf	unified-lib/uc-core.lsp	248	unified-lib	library	3	1	2	2
uc:layer-unfreeze-unlock	unified-lib/uc-core.lsp	258	unified-lib	library	1	0	1	1
uc:prepare-layer	unified-lib/uc-core.lsp	272	unified-lib	library	2	2	0	1
